High_School,City
Friedrich Froebel Bilingual School,Aguadilla
Piaget Bilingual Academy,Manatí
Academia Discípulos de Cristo,Bayamón
Academia Santo Tomás de Aquino,Bayamón
Baldwin School of Puerto Rico,Bayamón
Colegio Adianez,Guaynabo
Academia María Reina,San Juan
Colegio San Antonio,San Juan
Colegio San Benito,Mayagüez
Adler College,Gurabo
Colegio Marista Manatí,Manatí
Carib Christian School,Aguadilla
St. Mary's School,San Juan
Colegio Puertorriqueño de Niñas,Guaynabo
Colegio del Sagrado Corazón de Jesús,Ponce
Colegio Radians,Cayey
Academia del Perpetuo Socorro,San Juan
Saint Patrick's Bilingual School,Guayama
Colegio Bautista de Caguas,Caguas
University Gardens High School,San Juan
Colegio Santa Gema,Carolina
Bayamón Military Academy,Bayamón
Escuela del Deporte de San Juan,San Juan
Colegio De La Salle,Bayamón
Colegio Marista,Guaynabo
Guamaní Private School,Guayama
Colegio Católico Notre Dame,Caguas
Antilles High School,Bayamón
Liceo Ponceño,Ponce
Colegio La Piedad,Carolina
Colegio Nuestra Señora de Valvanera,Coamo
Christian Military Academy,Vega Baja
CIEM Private School,Carolina
Colegio Rosa-Bell,Guaynabo
Wesleyan Academy,Guaynabo
Academia Bautista de Puerto Nuevo,San Juan
Academia Presbiteriana en Villa Carolina,Carolina
Carvin School,Carolina
Colegio Beato Carlos Manuel Rodríguez,Bayamón
ECEDAO,Salinas
Fountain Christian Bilingual School,Carolina
Cupeyville School,San Juan
Colegio del Espíritu Santo,San Juan
Saint Francis School,Carolina
Colegio Ponceño,Ponce
Emadrian Bilingual School,Bayamón
Colegio Héctor Urdaneta,Ceiba
Colegio La Luz,Juncos
Academia Santa Teresita,Naranjito
Colegio Nuestra Señora de Belén,Guaynabo
Colegio Evangélico Capitán Correa,Hatillo
Colegio San Judas Tadeo,Ponce
Escuela Luis Muñoz Rivera,Utuado
Escuela Petra Mercado,Humacao
Colegio De Diego de Carolina,Carolina
Colegio Nuestra Señora de Guadalupe,San Juan
Academia Cristo de los Milagros,Caguas
Colegio San Felipe,Arecibo
Escuela Patria Latorre Ramírez,San Sebastián
Escuela Francisco Gaztambide Vega,Bayamón
Escuela Elvira M. Colón,Santa Isabel
University High School,San Juan
Escuela Dr. Agustín Stahl,Bayamón
Puerto Rico Youth Academy,Juana Díaz
Colegio Carmen Sol,Toa Baja
Colegio San Agustín de Cabo Rojo,Cabo Rojo
Escuela Isabel Flores Hernández,Juncos
Academia de la Inmaculada Concepción,Mayagüez
Colegio Santa Rosa,Bayamón
Academia San Jorge,San Juan
Cabo Rojo Christian Academy,Cabo Rojo
Colegio Lourdes,San Juan
Caguas Private School,Caguas
Colegio Nuestra Señora del Perpetuo Socorro,Humacao
Colegio San Antonio Abad,Humacao
Escuela Manuela Toro,Caguas
Saint John's School,San Juan